{"cameraMode":{"drawMode":0,"name":"Shaded","section":"Shading Mode"},"sceneLighting":true,"audioPlay":false,"sceneViewState":{"m_AlwaysRefresh":true,"showFog":true,"showSkybox":true,"showFlares":true,"showImageEffects":true,"showParticleSystems":true,"showVisualEffectGraphs":true,"m_FxEnabled":true},"in2DMode":false,"pivot":{"x":-0.13000011444091798,"y":3.8400001525878908,"z":-7.021076202392578},"rotation":{"x":-0.30789658427238467,"y":-0.037571340799331668,"z":0.01213090866804123,"w":-0.9506794810295105},"size":12.12435531616211,"orthographic":false}