{"cameraMode":{"drawMode":0,"name":"Shaded","section":"Shading Mode"},"sceneLighting":false,"audioPlay":false,"sceneViewState":{"m_AlwaysRefresh":false,"showFog":false,"showSkybox":false,"showFlares":false,"showImageEffects":false,"showParticleSystems":false,"showVisualEffectGraphs":true,"m_FxEnabled":true},"in2DMode":false,"pivot":{"x":0.792525589466095,"y":1.344379186630249,"z":0.1590995490550995},"rotation":{"x":0.00204668496735394,"y":0.9941208362579346,"z":-0.019089579582214357,"w":0.10657400637865067},"size":1.6550761461257935,"orthographic":false}